id_cliente,nombre,correo,pais
CLI-00001,Paola Castillo,paola.castillo1@correo.com,Perú
CLI-00002,Eduardo López,eduardo.lopez2@correo.com,Guatemala
CLI-00003,Carlos García,carlos.garcia3@correo.com,Guatemala
CLI-00004,Paola Mendoza,paola.mendoza4@correo.com,Canadá
CLI-00005,Andrés Mérida,andres.merida5@correo.com,Costa Rica
CLI-00006,Miguel Castillo,miguel.castillo6@correo.com,Chile
CLI-00007,Ana García,ana.garcia7@correo.com,México
CLI-00008,Ana Torres,ana.torres8@correo.com,Costa Rica
CLI-00009,Fernanda Romero,fernanda.romero9@correo.com,Chile
CLI-00010,Carlos Silva,carlos.silva10@correo.com,México
CLI-00011,Paola Alvarez,paola.alvarez11@correo.com,Argentina
CLI-00012,Valeria Ramírez,valeria.ramirez12@correo.com,Guatemala
CLI-00013,Eduardo Mendoza,eduardo.mendoza13@correo.com,Guatemala
CLI-00014,María Romero,maria.romero14@correo.com,Argentina
CLI-00015,Paola Sánchez,paola.sanchez15@correo.com,Chile
CLI-00016,Carlos Mérida,carlos.merida16@correo.com,Chile
CLI-00017,Ana Morales,ana.morales17@correo.com,México
CLI-00018,Diego Flores,diego.flores18@correo.com,Chile
CLI-00019,Natalia Castillo,natalia.castillo19@correo.com,Canadá
CLI-00020,Paola Rojas,paola.rojas20@correo.com,Honduras
CLI-00021,Ricardo Silva,ricardo.silva21@correo.com,Chile
CLI-00022,Ana Gómez,ana.gomez22@correo.com,Honduras
CLI-00023,Sofía Vargas,sofia.vargas23@correo.com,Colombia
CLI-00024,Sebastian Pérez,sebastian.perez24@correo.com,Perú
CLI-00025,Carlos Castillo,carlos.castillo25@correo.com,México
CLI-00026,Luis Rojas,luis.rojas26@correo.com,Perú
CLI-00027,Miguel Castillo,miguel.castillo27@correo.com,Costa Rica
CLI-00028,Juan Pérez,juan.perez28@correo.com,Argentina
CLI-00029,Miguel Flores,miguel.flores29@correo.com,México
CLI-00030,Valeria Rojas,valeria.rojas30@correo.com,Honduras
CLI-00031,Carlos Rojas,carlos.rojas31@correo.com,Costa Rica
CLI-00032,María Alvarez,maria.alvarez32@correo.com,Colombia
CLI-00033,Andrés López,andres.lopez33@correo.com,Perú
CLI-00034,Juan López,juan.lopez34@correo.com,México
CLI-00035,Eduardo Castillo,eduardo.castillo35@correo.com,Canadá
CLI-00036,Andrés Sánchez,andres.sanchez36@correo.com,Argentina
CLI-00037,Eduardo Mérida,eduardo.merida37@correo.com,Canadá
CLI-00038,Camila Silva,camila.silva38@correo.com,Honduras
CLI-00039,Sofía Alvarez,sofia.alvarez39@correo.com,Honduras
CLI-00040,Juan Cruz,juan.cruz40@correo.com,Canadá
CLI-00041,Natalia López,natalia.lopez41@correo.com,México
CLI-00042,Lucía Silva,lucia.silva42@correo.com,Canadá
CLI-00043,Valeria Morales,valeria.morales43@correo.com,Colombia
CLI-00044,Ana Sánchez,ana.sanchez44@correo.com,Panamá
CLI-00045,Ricardo Gómez,ricardo.gomez45@correo.com,Guatemala
CLI-00046,Ana Pérez,ana.perez46@correo.com,Argentina
CLI-00047,Eduardo Mérida,eduardo.merida47@correo.com,Argentina
CLI-00048,Natalia Romero,natalia.romero48@correo.com,Colombia
CLI-00049,Camila Flores,camila.flores49@correo.com,Panamá
CLI-00050,Paola Pérez,paola.perez50@correo.com,México
CLI-00051,Andrés Díaz,andres.diaz51@correo.com,Costa Rica
CLI-00052,Camila García,camila.garcia52@correo.com,Colombia
CLI-00053,Jorge García,jorge.garcia53@correo.com,Honduras
CLI-00054,Fernanda Díaz,fernanda.diaz54@correo.com,Colombia
CLI-00055,Fernanda Díaz,fernanda.diaz55@correo.com,Costa Rica
CLI-00056,Luis Alvarez,luis.alvarez56@correo.com,México
CLI-00057,Sebastian Ortiz,sebastian.ortiz57@correo.com,México
CLI-00058,Miguel Vargas,miguel.vargas58@correo.com,México
CLI-00059,Lucía Castillo,lucia.castillo59@correo.com,Colombia
CLI-00060,Miguel Ramírez,miguel.ramirez60@correo.com,Panamá
CLI-00061,Natalia Flores,natalia.flores61@correo.com,Costa Rica
CLI-00062,Juan Silva,juan.silva62@correo.com,Chile
CLI-00063,Fernanda Gómez,fernanda.gomez63@correo.com,Chile
CLI-00064,Ileana Torres,ileana.torres64@correo.com,Perú
CLI-00065,Carlos Ortiz,carlos.ortiz65@correo.com,Colombia
CLI-00066,Sofía Pérez,sofia.perez66@correo.com,México
CLI-00067,Lucía Torres,lucia.torres67@correo.com,Canadá
CLI-00068,Ricardo Ortiz,ricardo.ortiz68@correo.com,Perú
CLI-00069,Diego Alvarez,diego.alvarez69@correo.com,Costa Rica
CLI-00070,Jorge Ortiz,jorge.ortiz70@correo.com,Costa Rica
CLI-00071,Carlos Mendoza,carlos.mendoza71@correo.com,Argentina
CLI-00072,Natalia Alvarez,natalia.alvarez72@correo.com,Panamá
CLI-00073,Jorge García,jorge.garcia73@correo.com,Chile
CLI-00074,Ileana Gómez,ileana.gomez74@correo.com,Colombia
CLI-00075,Ileana Díaz,ileana.diaz75@correo.com,Colombia
CLI-00076,Ileana Díaz,ileana.diaz76@correo.com,Canadá
CLI-00077,Juan Pérez,juan.perez77@correo.com,Canadá
CLI-00078,Natalia Sánchez,natalia.sanchez78@correo.com,Panamá
CLI-00079,Juan Sánchez,juan.sanchez79@correo.com,Panamá
CLI-00080,Sofía López,sofia.lopez80@correo.com,Guatemala
CLI-00081,Ana Pérez,ana.perez81@correo.com,México
CLI-00082,Valeria Torres,valeria.torres82@correo.com,México
CLI-00083,Paola Cruz,paola.cruz83@correo.com,Argentina
CLI-00084,Paola Rojas,paola.rojas84@correo.com,México
CLI-00085,Sofía Gómez,sofia.gomez85@correo.com,Colombia
CLI-00086,Valeria Sánchez,valeria.sanchez86@correo.com,Honduras
CLI-00087,Valeria Mendoza,valeria.mendoza87@correo.com,Guatemala
CLI-00088,Luis Mérida,luis.merida88@correo.com,Guatemala
CLI-00089,Sebastian Ramírez,sebastian.ramirez89@correo.com,Chile
CLI-00090,Natalia Flores,natalia.flores90@correo.com,Canadá
CLI-00091,María Morales,maria.morales91@correo.com,Chile
CLI-00092,Sofía Romero,sofia.romero92@correo.com,Canadá
CLI-00093,Ricardo Mendoza,ricardo.mendoza93@correo.com,Costa Rica
CLI-00094,María Torres,maria.torres94@correo.com,Perú
CLI-00095,Paola Mendoza,paola.mendoza95@correo.com,Argentina
CLI-00096,Juan Ramírez,juan.ramirez96@correo.com,Colombia
CLI-00097,Paola Ortiz,paola.ortiz97@correo.com,Perú
CLI-00098,Camila Silva,camila.silva98@correo.com,Argentina
CLI-00099,Diego Torres,diego.torres99@correo.com,Panamá
CLI-00100,Ileana Sánchez,ileana.sanchez100@correo.com,Guatemala
CLI-00101,Sofía Gómez,sofia.gomez101@correo.com,Panamá
CLI-00102,Luis Alvarez,luis.alvarez102@correo.com,Argentina
CLI-00103,Fernanda Torres,fernanda.torres103@correo.com,México
CLI-00104,Camila Alvarez,camila.alvarez104@correo.com,Argentina
CLI-00105,Ileana López,ileana.lopez105@correo.com,Argentina
CLI-00106,Valeria López,valeria.lopez106@correo.com,Canadá
CLI-00107,Ana López,ana.lopez107@correo.com,Chile
CLI-00108,Luis Ortiz,luis.ortiz108@correo.com,Guatemala
CLI-00109,Andrés Vargas,andres.vargas109@correo.com,Chile
CLI-00110,Lucía Mérida,lucia.merida110@correo.com,Argentina
CLI-00111,Sebastian García,sebastian.garcia111@correo.com,Canadá
CLI-00112,Lucía Romero,lucia.romero112@correo.com,Panamá
CLI-00113,Luis Ramírez,luis.ramirez113@correo.com,Argentina
CLI-00114,Sofía Castillo,sofia.castillo114@correo.com,Argentina
CLI-00115,María Sánchez,maria.sanchez115@correo.com,Panamá
CLI-00116,Luis Castillo,luis.castillo116@correo.com,Argentina
CLI-00117,Carlos Rojas,carlos.rojas117@correo.com,Panamá
CLI-00118,Miguel García,miguel.garcia118@correo.com,Chile
CLI-00119,María Silva,maria.silva119@correo.com,Panamá
CLI-00120,Diego Morales,diego.morales120@correo.com,Panamá
CLI-00121,Lucía García,lucia.garcia121@correo.com,Panamá
CLI-00122,Juan Ortiz,juan.ortiz122@correo.com,Perú
CLI-00123,Ileana López,ileana.lopez123@correo.com,Chile
CLI-00124,Valeria Pérez,valeria.perez124@correo.com,Chile
CLI-00125,Eduardo Cruz,eduardo.cruz125@correo.com,Costa Rica
CLI-00126,Juan Torres,juan.torres126@correo.com,México
CLI-00127,Juan Torres,juan.torres127@correo.com,Panamá
CLI-00128,Camila Romero,camila.romero128@correo.com,Colombia
CLI-00129,Natalia Díaz,natalia.diaz129@correo.com,Guatemala
CLI-00130,Valeria Díaz,valeria.diaz130@correo.com,Chile
CLI-00131,Miguel Pérez,miguel.perez131@correo.com,Perú
CLI-00132,María Silva,maria.silva132@correo.com,Colombia
CLI-00133,Ricardo Cruz,ricardo.cruz133@correo.com,México
CLI-00134,Carlos Cruz,carlos.cruz134@correo.com,Chile
CLI-00135,Juan Flores,juan.flores135@correo.com,Costa Rica
CLI-00136,Paola García,paola.garcia136@correo.com,Honduras
CLI-00137,Camila Silva,camila.silva137@correo.com,Perú
CLI-00138,Luis Vargas,luis.vargas138@correo.com,Chile
CLI-00139,Sebastian Cruz,sebastian.cruz139@correo.com,Guatemala
CLI-00140,Natalia López,natalia.lopez140@correo.com,Honduras
CLI-00141,Paola Cruz,paola.cruz141@correo.com,México
CLI-00142,Eduardo Torres,eduardo.torres142@correo.com,Guatemala
CLI-00143,Eduardo Gómez,eduardo.gomez143@correo.com,Chile
CLI-00144,Ileana Morales,ileana.morales144@correo.com,Canadá
CLI-00145,Juan Gómez,juan.gomez145@correo.com,Guatemala
CLI-00146,Andrés Morales,andres.morales146@correo.com,Argentina
CLI-00147,Paola Díaz,paola.diaz147@correo.com,Perú
CLI-00148,Ileana Vargas,ileana.vargas148@correo.com,Costa Rica
CLI-00149,Paola Morales,paola.morales149@correo.com,Perú
CLI-00150,Sebastian Alvarez,sebastian.alvarez150@correo.com,Panamá
CLI-00151,Natalia Rojas,natalia.rojas151@correo.com,Costa Rica
CLI-00152,Eduardo Morales,eduardo.morales152@correo.com,México
CLI-00153,Eduardo Ramírez,eduardo.ramirez153@correo.com,Chile
CLI-00154,Diego Rojas,diego.rojas154@correo.com,Colombia
CLI-00155,Sofía López,sofia.lopez155@correo.com,Chile
CLI-00156,Luis Alvarez,luis.alvarez156@correo.com,Argentina
CLI-00157,Jorge Torres,jorge.torres157@correo.com,Panamá
CLI-00158,Carlos Sánchez,carlos.sanchez158@correo.com,Perú
CLI-00159,Natalia Rojas,natalia.rojas159@correo.com,Costa Rica
CLI-00160,Andrés Mérida,andres.merida160@correo.com,Costa Rica
CLI-00161,María Torres,maria.torres161@correo.com,Perú
CLI-00162,Sebastian Gómez,sebastian.gomez162@correo.com,Honduras
CLI-00163,Ricardo Gómez,ricardo.gomez163@correo.com,Argentina
CLI-00164,Luis García,luis.garcia164@correo.com,Canadá
CLI-00165,Luis Alvarez,luis.alvarez165@correo.com,Colombia
CLI-00166,Diego Alvarez,diego.alvarez166@correo.com,Argentina
CLI-00167,María Díaz,maria.diaz167@correo.com,Colombia
CLI-00168,Ileana Rojas,ileana.rojas168@correo.com,Panamá
CLI-00169,Andrés Flores,andres.flores169@correo.com,Perú
CLI-00170,María Torres,maria.torres170@correo.com,Colombia
CLI-00171,Lucía Romero,lucia.romero171@correo.com,Argentina
CLI-00172,Fernanda Romero,fernanda.romero172@correo.com,México
CLI-00173,Camila Castillo,camila.castillo173@correo.com,Canadá
CLI-00174,Lucía Rojas,lucia.rojas174@correo.com,Costa Rica
CLI-00175,Sofía Morales,sofia.morales175@correo.com,Perú
CLI-00176,Luis Vargas,luis.vargas176@correo.com,Honduras
CLI-00177,Sofía Morales,sofia.morales177@correo.com,Chile
CLI-00178,Diego Flores,diego.flores178@correo.com,Guatemala
CLI-00179,Valeria Ortiz,valeria.ortiz179@correo.com,Perú
CLI-00180,Miguel Ramírez,miguel.ramirez180@correo.com,Argentina
CLI-00181,Lucía Flores,lucia.flores181@correo.com,Panamá
CLI-00182,Ricardo Morales,ricardo.morales182@correo.com,Costa Rica
CLI-00183,Paola Gómez,paola.gomez183@correo.com,Honduras
CLI-00184,Luis García,luis.garcia184@correo.com,Panamá
CLI-00185,Paola López,paola.lopez185@correo.com,Guatemala
CLI-00186,Juan García,juan.garcia186@correo.com,Colombia
CLI-00187,Luis García,luis.garcia187@correo.com,Guatemala
CLI-00188,Sofía Romero,sofia.romero188@correo.com,Argentina
CLI-00189,Andrés Vargas,andres.vargas189@correo.com,Perú
CLI-00190,Ana Alvarez,ana.alvarez190@correo.com,Colombia
CLI-00191,Luis García,luis.garcia191@correo.com,Honduras
CLI-00192,Fernanda Ramírez,fernanda.ramirez192@correo.com,Colombia
CLI-00193,Diego Silva,diego.silva193@correo.com,Colombia
CLI-00194,Ricardo López,ricardo.lopez194@correo.com,Canadá
CLI-00195,Sebastian García,sebastian.garcia195@correo.com,Chile
CLI-00196,Sebastian Ortiz,sebastian.ortiz196@correo.com,Guatemala
CLI-00197,Natalia Castillo,natalia.castillo197@correo.com,Honduras
CLI-00198,Carlos Ramírez,carlos.ramirez198@correo.com,Panamá
CLI-00199,Camila Castillo,camila.castillo199@correo.com,Panamá
CLI-00200,Eduardo Sánchez,eduardo.sanchez200@correo.com,Honduras
CLI-00201,Diego Sánchez,diego.sanchez201@correo.com,Perú
CLI-00202,Luis Vargas,luis.vargas202@correo.com,Panamá
CLI-00203,Miguel Torres,miguel.torres203@correo.com,Perú
CLI-00204,Ricardo Rojas,ricardo.rojas204@correo.com,Chile
CLI-00205,Camila López,camila.lopez205@correo.com,Chile
CLI-00206,Ana Gómez,ana.gomez206@correo.com,Canadá
CLI-00207,Valeria Silva,valeria.silva207@correo.com,México
CLI-00208,María Gómez,maria.gomez208@correo.com,México
CLI-00209,Luis Sánchez,luis.sanchez209@correo.com,Honduras
CLI-00210,Lucía Flores,lucia.flores210@correo.com,México
CLI-00211,Carlos Sánchez,carlos.sanchez211@correo.com,Colombia
CLI-00212,Ricardo Díaz,ricardo.diaz212@correo.com,Canadá
CLI-00213,Andrés Ortiz,andres.ortiz213@correo.com,Perú
CLI-00214,Ricardo Díaz,ricardo.diaz214@correo.com,Canadá
CLI-00215,Sebastian Vargas,sebastian.vargas215@correo.com,Honduras
CLI-00216,Ana Ramírez,ana.ramirez216@correo.com,Colombia
CLI-00217,Miguel Silva,miguel.silva217@correo.com,Costa Rica
CLI-00218,Ileana Díaz,ileana.diaz218@correo.com,Guatemala
CLI-00219,Eduardo Rojas,eduardo.rojas219@correo.com,Guatemala
CLI-00220,Sebastian Ortiz,sebastian.ortiz220@correo.com,Colombia
CLI-00221,Natalia García,natalia.garcia221@correo.com,México
CLI-00222,Carlos Alvarez,carlos.alvarez222@correo.com,Argentina
CLI-00223,Carlos Pérez,carlos.perez223@correo.com,México
CLI-00224,Camila Pérez,camila.perez224@correo.com,Colombia
CLI-00225,Carlos López,carlos.lopez225@correo.com,Colombia
CLI-00226,Sebastian Silva,sebastian.silva226@correo.com,Argentina
CLI-00227,Natalia Gómez,natalia.gomez227@correo.com,Perú
CLI-00228,Valeria Pérez,valeria.perez228@correo.com,Chile
CLI-00229,Carlos Ramírez,carlos.ramirez229@correo.com,Costa Rica
CLI-00230,Eduardo Romero,eduardo.romero230@correo.com,Honduras
CLI-00231,Diego Ramírez,diego.ramirez231@correo.com,Guatemala
CLI-00232,Sofía Silva,sofia.silva232@correo.com,Panamá
CLI-00233,Valeria Morales,valeria.morales233@correo.com,México
CLI-00234,Jorge Mendoza,jorge.mendoza234@correo.com,México
CLI-00235,Lucía Castillo,lucia.castillo235@correo.com,Panamá
CLI-00236,María Gómez,maria.gomez236@correo.com,Honduras
CLI-00237,Camila Vargas,camila.vargas237@correo.com,Costa Rica
CLI-00238,Paola Gómez,paola.gomez238@correo.com,Colombia
CLI-00239,Luis Sánchez,luis.sanchez239@correo.com,Guatemala
CLI-00240,Luis Castillo,luis.castillo240@correo.com,Costa Rica
CLI-00241,Ricardo Romero,ricardo.romero241@correo.com,Argentina
CLI-00242,Paola Pérez,paola.perez242@correo.com,Panamá
CLI-00243,Andrés Castillo,andres.castillo243@correo.com,Guatemala
CLI-00244,Miguel García,miguel.garcia244@correo.com,Argentina
CLI-00245,Lucía Sánchez,lucia.sanchez245@correo.com,Chile
CLI-00246,Valeria Torres,valeria.torres246@correo.com,Colombia
CLI-00247,Sofía López,sofia.lopez247@correo.com,Costa Rica
CLI-00248,Ileana Pérez,ileana.perez248@correo.com,Honduras
CLI-00249,Jorge Vargas,jorge.vargas249@correo.com,Costa Rica
CLI-00250,Juan Díaz,juan.diaz250@correo.com,Panamá
CLI-00251,Valeria Pérez,valeria.perez251@correo.com,Panamá
CLI-00252,María Castillo,maria.castillo252@correo.com,Panamá
CLI-00253,Ileana Díaz,ileana.diaz253@correo.com,Honduras
CLI-00254,Valeria Romero,valeria.romero254@correo.com,Canadá
CLI-00255,Camila Flores,camila.flores255@correo.com,Honduras
CLI-00256,Valeria Sánchez,valeria.sanchez256@correo.com,Panamá
CLI-00257,María Silva,maria.silva257@correo.com,Colombia
CLI-00258,Juan Alvarez,juan.alvarez258@correo.com,Guatemala
CLI-00259,Juan Mérida,juan.merida259@correo.com,México
CLI-00260,Valeria Romero,valeria.romero260@correo.com,Argentina
CLI-00261,Sofía Rojas,sofia.rojas261@correo.com,México
CLI-00262,Valeria Mérida,valeria.merida262@correo.com,Costa Rica
CLI-00263,Jorge Sánchez,jorge.sanchez263@correo.com,Honduras
CLI-00264,Sofía Rojas,sofia.rojas264@correo.com,México
CLI-00265,Carlos Ortiz,carlos.ortiz265@correo.com,Honduras
CLI-00266,Eduardo Mendoza,eduardo.mendoza266@correo.com,Panamá
CLI-00267,Paola Castillo,paola.castillo267@correo.com,Chile
CLI-00268,Ana García,ana.garcia268@correo.com,Honduras
CLI-00269,Camila Vargas,camila.vargas269@correo.com,Perú
CLI-00270,Luis Pérez,luis.perez270@correo.com,Costa Rica
CLI-00271,Luis Sánchez,luis.sanchez271@correo.com,México
CLI-00272,Luis Díaz,luis.diaz272@correo.com,Guatemala
CLI-00273,Diego Sánchez,diego.sanchez273@correo.com,México
CLI-00274,Valeria Cruz,valeria.cruz274@correo.com,Guatemala
CLI-00275,Diego Castillo,diego.castillo275@correo.com,Perú
CLI-00276,Ileana Mendoza,ileana.mendoza276@correo.com,Guatemala
CLI-00277,Eduardo Cruz,eduardo.cruz277@correo.com,Guatemala
CLI-00278,Ricardo Alvarez,ricardo.alvarez278@correo.com,Costa Rica
CLI-00279,Fernanda Díaz,fernanda.diaz279@correo.com,Colombia
CLI-00280,Juan Castillo,juan.castillo280@correo.com,Chile
CLI-00281,Fernanda Silva,fernanda.silva281@correo.com,Guatemala
CLI-00282,Sofía Silva,sofia.silva282@correo.com,Argentina
CLI-00283,Luis Silva,luis.silva283@correo.com,Perú
CLI-00284,Sofía López,sofia.lopez284@correo.com,Guatemala
CLI-00285,Miguel Castillo,miguel.castillo285@correo.com,Argentina
CLI-00286,Ana Rojas,ana.rojas286@correo.com,Perú
CLI-00287,Miguel Silva,miguel.silva287@correo.com,México
CLI-00288,Juan Rojas,juan.rojas288@correo.com,Canadá
CLI-00289,Juan Gómez,juan.gomez289@correo.com,Argentina
CLI-00290,Fernanda Silva,fernanda.silva290@correo.com,Colombia
CLI-00291,María Gómez,maria.gomez291@correo.com,Costa Rica
CLI-00292,Ricardo Pérez,ricardo.perez292@correo.com,México
CLI-00293,Carlos Torres,carlos.torres293@correo.com,México
CLI-00294,Diego Díaz,diego.diaz294@correo.com,Canadá
CLI-00295,Luis Mendoza,luis.mendoza295@correo.com,Colombia
CLI-00296,Carlos Ramírez,carlos.ramirez296@correo.com,Perú
CLI-00297,Lucía Pérez,lucia.perez297@correo.com,Costa Rica
CLI-00298,María Romero,maria.romero298@correo.com,México
CLI-00299,Eduardo Ortiz,eduardo.ortiz299@correo.com,México
CLI-00300,Ileana Cruz,ileana.cruz300@correo.com,Guatemala
CLI-00301,Luis Díaz,luis.diaz301@correo.com,Panamá
CLI-00302,Luis Morales,luis.morales302@correo.com,Perú
CLI-00303,Fernanda Ramírez,fernanda.ramirez303@correo.com,Colombia
CLI-00304,Lucía Gómez,lucia.gomez304@correo.com,Canadá
CLI-00305,Paola Alvarez,paola.alvarez305@correo.com,Argentina
CLI-00306,Natalia Rojas,natalia.rojas306@correo.com,Canadá
CLI-00307,María López,maria.lopez307@correo.com,Honduras
CLI-00308,Eduardo Mendoza,eduardo.mendoza308@correo.com,Canadá
CLI-00309,Sebastian López,sebastian.lopez309@correo.com,Costa Rica
CLI-00310,Juan Rojas,juan.rojas310@correo.com,Perú
CLI-00311,Carlos Mendoza,carlos.mendoza311@correo.com,Perú
CLI-00312,Sofía Mendoza,sofia.mendoza312@correo.com,Panamá
CLI-00313,Diego Romero,diego.romero313@correo.com,Panamá
CLI-00314,Miguel Mérida,miguel.merida314@correo.com,Chile
CLI-00315,Ana Mérida,ana.merida315@correo.com,México
CLI-00316,Valeria Ramírez,valeria.ramirez316@correo.com,Honduras
CLI-00317,Paola Cruz,paola.cruz317@correo.com,Argentina
CLI-00318,Carlos Mendoza,carlos.mendoza318@correo.com,México
CLI-00319,Eduardo Mérida,eduardo.merida319@correo.com,Costa Rica
CLI-00320,Eduardo Ortiz,eduardo.ortiz320@correo.com,Honduras
CLI-00321,Juan Mendoza,juan.mendoza321@correo.com,Canadá
CLI-00322,Valeria Díaz,valeria.diaz322@correo.com,Honduras
CLI-00323,Jorge Rojas,jorge.rojas323@correo.com,Perú
CLI-00324,Diego Cruz,diego.cruz324@correo.com,Colombia
CLI-00325,Lucía Gómez,lucia.gomez325@correo.com,Perú
CLI-00326,Diego Vargas,diego.vargas326@correo.com,Guatemala
CLI-00327,Sofía Cruz,sofia.cruz327@correo.com,Costa Rica
CLI-00328,Jorge Vargas,jorge.vargas328@correo.com,Perú
CLI-00329,Ileana López,ileana.lopez329@correo.com,México
CLI-00330,Fernanda Vargas,fernanda.vargas330@correo.com,Costa Rica
CLI-00331,Sebastian García,sebastian.garcia331@correo.com,Costa Rica
CLI-00332,Lucía Cruz,lucia.cruz332@correo.com,México
CLI-00333,Juan Vargas,juan.vargas333@correo.com,México
CLI-00334,Miguel Romero,miguel.romero334@correo.com,Panamá
CLI-00335,María López,maria.lopez335@correo.com,Chile
CLI-00336,Carlos Silva,carlos.silva336@correo.com,Perú
CLI-00337,María Sánchez,maria.sanchez337@correo.com,Colombia
CLI-00338,Valeria Gómez,valeria.gomez338@correo.com,Argentina
CLI-00339,Ricardo Torres,ricardo.torres339@correo.com,Chile
CLI-00340,Ricardo Silva,ricardo.silva340@correo.com,Argentina
CLI-00341,Paola Ortiz,paola.ortiz341@correo.com,Colombia
CLI-00342,Carlos Pérez,carlos.perez342@correo.com,Perú
CLI-00343,Fernanda Sánchez,fernanda.sanchez343@correo.com,Chile
CLI-00344,Sofía Cruz,sofia.cruz344@correo.com,Colombia
CLI-00345,Juan López,juan.lopez345@correo.com,Colombia
CLI-00346,Carlos Gómez,carlos.gomez346@correo.com,Perú
CLI-00347,Andrés Romero,andres.romero347@correo.com,Argentina
CLI-00348,Andrés Pérez,andres.perez348@correo.com,Panamá
CLI-00349,Paola Díaz,paola.diaz349@correo.com,Canadá
CLI-00350,Sebastian Pérez,sebastian.perez350@correo.com,Argentina
CLI-00351,Fernanda Mendoza,fernanda.mendoza351@correo.com,Perú
CLI-00352,Valeria Vargas,valeria.vargas352@correo.com,Costa Rica
CLI-00353,Camila Ortiz,camila.ortiz353@correo.com,México
CLI-00354,Sofía Ramírez,sofia.ramirez354@correo.com,Guatemala
CLI-00355,Carlos Alvarez,carlos.alvarez355@correo.com,Costa Rica
CLI-00356,Carlos Mérida,carlos.merida356@correo.com,México
CLI-00357,Andrés Gómez,andres.gomez357@correo.com,Honduras
CLI-00358,Natalia Ortiz,natalia.ortiz358@correo.com,Colombia
CLI-00359,Eduardo Pérez,eduardo.perez359@correo.com,Argentina
CLI-00360,Fernanda Ortiz,fernanda.ortiz360@correo.com,Honduras
CLI-00361,Luis Alvarez,luis.alvarez361@correo.com,México
CLI-00362,Andrés Ortiz,andres.ortiz362@correo.com,Chile
CLI-00363,Juan Cruz,juan.cruz363@correo.com,Costa Rica
CLI-00364,Eduardo Alvarez,eduardo.alvarez364@correo.com,Panamá
CLI-00365,Miguel Vargas,miguel.vargas365@correo.com,Colombia
CLI-00366,Lucía Vargas,lucia.vargas366@correo.com,Perú
CLI-00367,Ricardo Díaz,ricardo.diaz367@correo.com,Argentina
CLI-00368,Ana Silva,ana.silva368@correo.com,México
CLI-00369,Ana Ramírez,ana.ramirez369@correo.com,Costa Rica
CLI-00370,Sofía Alvarez,sofia.alvarez370@correo.com,Colombia
CLI-00371,Lucía Silva,lucia.silva371@correo.com,Panamá
CLI-00372,Valeria López,valeria.lopez372@correo.com,Argentina
CLI-00373,Ricardo Vargas,ricardo.vargas373@correo.com,Colombia
CLI-00374,Miguel Vargas,miguel.vargas374@correo.com,Panamá
CLI-00375,Miguel Morales,miguel.morales375@correo.com,Chile
CLI-00376,Ana Cruz,ana.cruz376@correo.com,Honduras
CLI-00377,María Ramírez,maria.ramirez377@correo.com,Panamá
CLI-00378,Paola Sánchez,paola.sanchez378@correo.com,México
CLI-00379,Andrés Vargas,andres.vargas379@correo.com,Panamá
CLI-00380,Luis Castillo,luis.castillo380@correo.com,Canadá
CLI-00381,Jorge Rojas,jorge.rojas381@correo.com,Costa Rica
CLI-00382,Eduardo García,eduardo.garcia382@correo.com,México
CLI-00383,Andrés Ortiz,andres.ortiz383@correo.com,Costa Rica
CLI-00384,Andrés Silva,andres.silva384@correo.com,Guatemala
CLI-00385,Luis Cruz,luis.cruz385@correo.com,Chile
CLI-00386,Ileana Torres,ileana.torres386@correo.com,México
CLI-00387,Fernanda Ortiz,fernanda.ortiz387@correo.com,Chile
CLI-00388,Juan Vargas,juan.vargas388@correo.com,Canadá
CLI-00389,Camila Mérida,camila.merida389@correo.com,Panamá
CLI-00390,Andrés Morales,andres.morales390@correo.com,Guatemala
CLI-00391,Miguel Pérez,miguel.perez391@correo.com,Honduras
CLI-00392,Sebastian Gómez,sebastian.gomez392@correo.com,Honduras
CLI-00393,Paola Flores,paola.flores393@correo.com,Canadá
CLI-00394,Paola Flores,paola.flores394@correo.com,Colombia
CLI-00395,Camila Cruz,camila.cruz395@correo.com,Canadá
CLI-00396,Ana Cruz,ana.cruz396@correo.com,Perú
CLI-00397,Ricardo Mendoza,ricardo.mendoza397@correo.com,Perú
CLI-00398,María Pérez,maria.perez398@correo.com,Perú
CLI-00399,Ileana Romero,ileana.romero399@correo.com,Argentina
CLI-00400,Miguel Cruz,miguel.cruz400@correo.com,Perú
CLI-00401,María Alvarez,maria.alvarez401@correo.com,Panamá
CLI-00402,Ricardo Cruz,ricardo.cruz402@correo.com,Panamá
CLI-00403,Jorge López,jorge.lopez403@correo.com,México
CLI-00404,Juan Mendoza,juan.mendoza404@correo.com,Panamá
CLI-00405,María Mérida,maria.merida405@correo.com,Guatemala
CLI-00406,Ana Rojas,ana.rojas406@correo.com,Panamá
CLI-00407,Natalia Rojas,natalia.rojas407@correo.com,Guatemala
CLI-00408,Ana Torres,ana.torres408@correo.com,Panamá
CLI-00409,Paola Díaz,paola.diaz409@correo.com,Perú
CLI-00410,Diego Silva,diego.silva410@correo.com,Perú
CLI-00411,Luis Castillo,luis.castillo411@correo.com,Canadá
CLI-00412,Sofía Ortiz,sofia.ortiz412@correo.com,Honduras
CLI-00413,Carlos Cruz,carlos.cruz413@correo.com,Colombia
CLI-00414,Natalia Romero,natalia.romero414@correo.com,Chile
CLI-00415,Juan Sánchez,juan.sanchez415@correo.com,Honduras
CLI-00416,Eduardo Mendoza,eduardo.mendoza416@correo.com,Perú
CLI-00417,Sofía Romero,sofia.romero417@correo.com,Colombia
CLI-00418,María Cruz,maria.cruz418@correo.com,Argentina
CLI-00419,Carlos Castillo,carlos.castillo419@correo.com,Costa Rica
CLI-00420,Eduardo Vargas,eduardo.vargas420@correo.com,Argentina
CLI-00421,Paola Torres,paola.torres421@correo.com,Guatemala
CLI-00422,Natalia Ramírez,natalia.ramirez422@correo.com,Costa Rica
CLI-00423,Miguel Castillo,miguel.castillo423@correo.com,Honduras
CLI-00424,Fernanda Flores,fernanda.flores424@correo.com,Guatemala
CLI-00425,Sofía Ortiz,sofia.ortiz425@correo.com,Argentina
CLI-00426,Ileana Mendoza,ileana.mendoza426@correo.com,Honduras
CLI-00427,Fernanda Rojas,fernanda.rojas427@correo.com,Honduras
CLI-00428,Lucía Silva,lucia.silva428@correo.com,Costa Rica
CLI-00429,Fernanda Mendoza,fernanda.mendoza429@correo.com,Guatemala
CLI-00430,Sofía Cruz,sofia.cruz430@correo.com,Honduras
CLI-00431,Carlos Ortiz,carlos.ortiz431@correo.com,Costa Rica
CLI-00432,Camila Mérida,camila.merida432@correo.com,Honduras
CLI-00433,Eduardo Mérida,eduardo.merida433@correo.com,Costa Rica
CLI-00434,Andrés Pérez,andres.perez434@correo.com,Panamá
CLI-00435,Ileana Torres,ileana.torres435@correo.com,Canadá
CLI-00436,Luis Alvarez,luis.alvarez436@correo.com,Colombia
CLI-00437,Natalia Rojas,natalia.rojas437@correo.com,Colombia
CLI-00438,Ricardo Morales,ricardo.morales438@correo.com,Guatemala
CLI-00439,Sofía Castillo,sofia.castillo439@correo.com,Canadá
CLI-00440,María Torres,maria.torres440@correo.com,Honduras
CLI-00441,Miguel García,miguel.garcia441@correo.com,Costa Rica
CLI-00442,Fernanda Flores,fernanda.flores442@correo.com,Honduras
CLI-00443,Ileana Cruz,ileana.cruz443@correo.com,México
CLI-00444,Camila López,camila.lopez444@correo.com,Honduras
CLI-00445,Natalia Cruz,natalia.cruz445@correo.com,Canadá
CLI-00446,Ricardo Rojas,ricardo.rojas446@correo.com,Perú
CLI-00447,Camila Ramírez,camila.ramirez447@correo.com,Chile
CLI-00448,Miguel Sánchez,miguel.sanchez448@correo.com,Canadá
CLI-00449,Diego Vargas,diego.vargas449@correo.com,Panamá
CLI-00450,Ana Rojas,ana.rojas450@correo.com,Colombia
CLI-00451,Natalia Silva,natalia.silva451@correo.com,Colombia
CLI-00452,Valeria López,valeria.lopez452@correo.com,México
CLI-00453,María Flores,maria.flores453@correo.com,Perú
CLI-00454,Miguel García,miguel.garcia454@correo.com,Guatemala
CLI-00455,Natalia Ortiz,natalia.ortiz455@correo.com,Argentina
CLI-00456,Paola Castillo,paola.castillo456@correo.com,Argentina
CLI-00457,Miguel Rojas,miguel.rojas457@correo.com,Costa Rica
CLI-00458,Diego Mérida,diego.merida458@correo.com,Argentina
CLI-00459,Jorge Mendoza,jorge.mendoza459@correo.com,Argentina
CLI-00460,Juan Castillo,juan.castillo460@correo.com,Honduras
CLI-00461,Miguel Flores,miguel.flores461@correo.com,Perú
CLI-00462,Valeria Rojas,valeria.rojas462@correo.com,Canadá
CLI-00463,Natalia Morales,natalia.morales463@correo.com,Honduras
CLI-00464,Ana Romero,ana.romero464@correo.com,Costa Rica
CLI-00465,Sebastian Torres,sebastian.torres465@correo.com,Canadá
CLI-00466,Sofía Díaz,sofia.diaz466@correo.com,Colombia
CLI-00467,Sebastian Romero,sebastian.romero467@correo.com,Canadá
CLI-00468,María Ortiz,maria.ortiz468@correo.com,Argentina
CLI-00469,Ana Morales,ana.morales469@correo.com,Guatemala
CLI-00470,Miguel Morales,miguel.morales470@correo.com,Perú
CLI-00471,Paola Cruz,paola.cruz471@correo.com,Perú
CLI-00472,Natalia Castillo,natalia.castillo472@correo.com,Honduras
CLI-00473,Carlos Castillo,carlos.castillo473@correo.com,Colombia
CLI-00474,Andrés Díaz,andres.diaz474@correo.com,Perú
CLI-00475,Paola Silva,paola.silva475@correo.com,Costa Rica
CLI-00476,Andrés Castillo,andres.castillo476@correo.com,Argentina
CLI-00477,Juan Mérida,juan.merida477@correo.com,Honduras
CLI-00478,Ileana Castillo,ileana.castillo478@correo.com,Guatemala
CLI-00479,Fernanda Alvarez,fernanda.alvarez479@correo.com,Colombia
CLI-00480,Sofía Sánchez,sofia.sanchez480@correo.com,Honduras
CLI-00481,Sofía Rojas,sofia.rojas481@correo.com,Costa Rica
CLI-00482,Ricardo Torres,ricardo.torres482@correo.com,Perú
CLI-00483,Andrés Mendoza,andres.mendoza483@correo.com,Chile
CLI-00484,Andrés Gómez,andres.gomez484@correo.com,Perú
CLI-00485,Andrés Alvarez,andres.alvarez485@correo.com,Argentina
CLI-00486,Ana Rojas,ana.rojas486@correo.com,Guatemala
CLI-00487,Camila Ramírez,camila.ramirez487@correo.com,Panamá
CLI-00488,Miguel Sánchez,miguel.sanchez488@correo.com,Guatemala
CLI-00489,Fernanda Rojas,fernanda.rojas489@correo.com,Perú
CLI-00490,Sebastian Mérida,sebastian.merida490@correo.com,Honduras
CLI-00491,Luis Gómez,luis.gomez491@correo.com,Perú
CLI-00492,Ileana Romero,ileana.romero492@correo.com,Argentina
CLI-00493,Camila Torres,camila.torres493@correo.com,Colombia
CLI-00494,Valeria Rojas,valeria.rojas494@correo.com,Honduras
CLI-00495,Ileana Díaz,ileana.diaz495@correo.com,Colombia
CLI-00496,Paola Flores,paola.flores496@correo.com,Panamá
CLI-00497,Fernanda Ramírez,fernanda.ramirez497@correo.com,Colombia
CLI-00498,Camila Sánchez,camila.sanchez498@correo.com,Costa Rica
CLI-00499,Fernanda Díaz,fernanda.diaz499@correo.com,Colombia
CLI-00500,Fernanda Silva,fernanda.silva500@correo.com,Colombia
CLI-00501,Ana Alvarez,ana.alvarez501@correo.com,Panamá
CLI-00502,Camila Ramírez,camila.ramirez502@correo.com,Chile
CLI-00503,Jorge Romero,jorge.romero503@correo.com,Honduras
CLI-00504,Jorge Flores,jorge.flores504@correo.com,Honduras
CLI-00505,Carlos Pérez,carlos.perez505@correo.com,Chile
CLI-00506,Valeria Castillo,valeria.castillo506@correo.com,Panamá
CLI-00507,Fernanda López,fernanda.lopez507@correo.com,Argentina
CLI-00508,Miguel López,miguel.lopez508@correo.com,Chile
CLI-00509,Miguel Mérida,miguel.merida509@correo.com,Guatemala
CLI-00510,Ricardo Castillo,ricardo.castillo510@correo.com,Honduras
CLI-00511,Jorge Díaz,jorge.diaz511@correo.com,Costa Rica
CLI-00512,Diego López,diego.lopez512@correo.com,Chile
CLI-00513,Juan Torres,juan.torres513@correo.com,Guatemala
CLI-00514,Diego Ramírez,diego.ramirez514@correo.com,Argentina
CLI-00515,Camila Mendoza,camila.mendoza515@correo.com,Chile
CLI-00516,Lucía Mérida,lucia.merida516@correo.com,Perú
CLI-00517,Sebastian Ortiz,sebastian.ortiz517@correo.com,Costa Rica
CLI-00518,Lucía Pérez,lucia.perez518@correo.com,Panamá
CLI-00519,Lucía Pérez,lucia.perez519@correo.com,Panamá
CLI-00520,Juan Ortiz,juan.ortiz520@correo.com,México
CLI-00521,Sofía García,sofia.garcia521@correo.com,Colombia
CLI-00522,Fernanda Gómez,fernanda.gomez522@correo.com,Argentina
CLI-00523,Andrés Pérez,andres.perez523@correo.com,Argentina
CLI-00524,Jorge Ramírez,jorge.ramirez524@correo.com,Canadá
CLI-00525,Diego Vargas,diego.vargas525@correo.com,Honduras
CLI-00526,Valeria Díaz,valeria.diaz526@correo.com,Panamá
CLI-00527,Eduardo Vargas,eduardo.vargas527@correo.com,Guatemala
CLI-00528,Camila Rojas,camila.rojas528@correo.com,Perú
CLI-00529,Andrés Gómez,andres.gomez529@correo.com,México
CLI-00530,Fernanda Cruz,fernanda.cruz530@correo.com,Argentina
CLI-00531,Juan Mérida,juan.merida531@correo.com,Canadá
CLI-00532,Valeria Castillo,valeria.castillo532@correo.com,Argentina
CLI-00533,Carlos Díaz,carlos.diaz533@correo.com,Argentina
CLI-00534,Eduardo García,eduardo.garcia534@correo.com,México
CLI-00535,Eduardo Ramírez,eduardo.ramirez535@correo.com,Costa Rica
CLI-00536,Ileana Torres,ileana.torres536@correo.com,Honduras
CLI-00537,Natalia Romero,natalia.romero537@correo.com,México
CLI-00538,María Pérez,maria.perez538@correo.com,Chile
CLI-00539,Ana Díaz,ana.diaz539@correo.com,Canadá
CLI-00540,Lucía Pérez,lucia.perez540@correo.com,Argentina
CLI-00541,Miguel Alvarez,miguel.alvarez541@correo.com,Costa Rica
CLI-00542,Paola Castillo,paola.castillo542@correo.com,Perú
CLI-00543,Fernanda Vargas,fernanda.vargas543@correo.com,Perú
CLI-00544,Fernanda Ramírez,fernanda.ramirez544@correo.com,Panamá
CLI-00545,Sofía Vargas,sofia.vargas545@correo.com,Costa Rica
CLI-00546,Miguel Cruz,miguel.cruz546@correo.com,México
CLI-00547,Miguel Rojas,miguel.rojas547@correo.com,Panamá
CLI-00548,Valeria López,valeria.lopez548@correo.com,Canadá
CLI-00549,Ricardo García,ricardo.garcia549@correo.com,Honduras
CLI-00550,Andrés López,andres.lopez550@correo.com,Colombia
CLI-00551,Ana Castillo,ana.castillo551@correo.com,Colombia
CLI-00552,Natalia Gómez,natalia.gomez552@correo.com,Colombia
CLI-00553,Juan López,juan.lopez553@correo.com,México
CLI-00554,María Sánchez,maria.sanchez554@correo.com,Canadá
CLI-00555,Fernanda Rojas,fernanda.rojas555@correo.com,Canadá
CLI-00556,Ana Castillo,ana.castillo556@correo.com,Chile
CLI-00557,Diego Mérida,diego.merida557@correo.com,Guatemala
CLI-00558,Eduardo Castillo,eduardo.castillo558@correo.com,México
CLI-00559,Ileana Díaz,ileana.diaz559@correo.com,Chile
CLI-00560,María Morales,maria.morales560@correo.com,Canadá
CLI-00561,Eduardo Sánchez,eduardo.sanchez561@correo.com,Costa Rica
CLI-00562,María Alvarez,maria.alvarez562@correo.com,México
CLI-00563,Jorge Mendoza,jorge.mendoza563@correo.com,Chile
CLI-00564,Ana Ortiz,ana.ortiz564@correo.com,Argentina
CLI-00565,Natalia Pérez,natalia.perez565@correo.com,Perú
CLI-00566,Miguel Flores,miguel.flores566@correo.com,Panamá
CLI-00567,Ricardo Flores,ricardo.flores567@correo.com,Guatemala
CLI-00568,Lucía García,lucia.garcia568@correo.com,Perú
CLI-00569,Ricardo Sánchez,ricardo.sanchez569@correo.com,Perú
CLI-00570,Ricardo Mérida,ricardo.merida570@correo.com,Costa Rica
CLI-00571,Juan Sánchez,juan.sanchez571@correo.com,Honduras
CLI-00572,Eduardo García,eduardo.garcia572@correo.com,México
CLI-00573,Ricardo López,ricardo.lopez573@correo.com,Colombia
CLI-00574,Eduardo Pérez,eduardo.perez574@correo.com,Colombia
CLI-00575,Luis Sánchez,luis.sanchez575@correo.com,Guatemala
CLI-00576,Andrés García,andres.garcia576@correo.com,Canadá
CLI-00577,Eduardo Pérez,eduardo.perez577@correo.com,Argentina
CLI-00578,Carlos Alvarez,carlos.alvarez578@correo.com,Guatemala
CLI-00579,Eduardo Sánchez,eduardo.sanchez579@correo.com,Colombia
CLI-00580,Juan Castillo,juan.castillo580@correo.com,México
CLI-00581,María Torres,maria.torres581@correo.com,Colombia
CLI-00582,Ricardo Silva,ricardo.silva582@correo.com,Perú
CLI-00583,Jorge Torres,jorge.torres583@correo.com,Honduras
CLI-00584,Fernanda Mérida,fernanda.merida584@correo.com,México
CLI-00585,Eduardo Vargas,eduardo.vargas585@correo.com,Perú
CLI-00586,Natalia Ramírez,natalia.ramirez586@correo.com,Panamá
CLI-00587,Sebastian Torres,sebastian.torres587@correo.com,Perú
CLI-00588,Ileana Díaz,ileana.diaz588@correo.com,Chile
CLI-00589,Luis Rojas,luis.rojas589@correo.com,Canadá
CLI-00590,Andrés Vargas,andres.vargas590@correo.com,Perú
CLI-00591,Diego Mendoza,diego.mendoza591@correo.com,Honduras
CLI-00592,Ana Vargas,ana.vargas592@correo.com,Colombia
CLI-00593,Lucía Díaz,lucia.diaz593@correo.com,Panamá
CLI-00594,Jorge Ramírez,jorge.ramirez594@correo.com,Perú
CLI-00595,Jorge Morales,jorge.morales595@correo.com,Honduras
CLI-00596,Fernanda Romero,fernanda.romero596@correo.com,Panamá
CLI-00597,Ana Gómez,ana.gomez597@correo.com,Panamá
CLI-00598,Carlos López,carlos.lopez598@correo.com,Honduras
CLI-00599,Fernanda Díaz,fernanda.diaz599@correo.com,Panamá
CLI-00600,Ana Flores,ana.flores600@correo.com,Costa Rica
CLI-00601,Fernanda García,fernanda.garcia601@correo.com,Chile
CLI-00602,Luis Castillo,luis.castillo602@correo.com,Honduras
CLI-00603,Carlos Romero,carlos.romero603@correo.com,Guatemala
CLI-00604,Jorge Alvarez,jorge.alvarez604@correo.com,México
CLI-00605,Ileana Sánchez,ileana.sanchez605@correo.com,Costa Rica
CLI-00606,Ricardo García,ricardo.garcia606@correo.com,Argentina
CLI-00607,Miguel Torres,miguel.torres607@correo.com,Panamá
CLI-00608,Sebastian Cruz,sebastian.cruz608@correo.com,Chile
CLI-00609,María Mendoza,maria.mendoza609@correo.com,Argentina
CLI-00610,Juan Mendoza,juan.mendoza610@correo.com,Canadá
CLI-00611,Diego Mendoza,diego.mendoza611@correo.com,Costa Rica
CLI-00612,Jorge Silva,jorge.silva612@correo.com,Chile
CLI-00613,Carlos López,carlos.lopez613@correo.com,Honduras
CLI-00614,Miguel Vargas,miguel.vargas614@correo.com,México
CLI-00615,Sebastian Mendoza,sebastian.mendoza615@correo.com,Panamá
CLI-00616,Camila Mérida,camila.merida616@correo.com,Guatemala
CLI-00617,Diego Díaz,diego.diaz617@correo.com,Panamá
CLI-00618,Jorge García,jorge.garcia618@correo.com,Colombia
CLI-00619,Sofía Ramírez,sofia.ramirez619@correo.com,Guatemala
CLI-00620,Paola Flores,paola.flores620@correo.com,Canadá
CLI-00621,Ana Vargas,ana.vargas621@correo.com,Honduras
CLI-00622,Diego Morales,diego.morales622@correo.com,Guatemala
CLI-00623,Sebastian Torres,sebastian.torres623@correo.com,Costa Rica
CLI-00624,Diego López,diego.lopez624@correo.com,Colombia
CLI-00625,María Mérida,maria.merida625@correo.com,México
CLI-00626,Paola Mendoza,paola.mendoza626@correo.com,Argentina
CLI-00627,Ileana Ramírez,ileana.ramirez627@correo.com,Colombia
CLI-00628,Ileana Torres,ileana.torres628@correo.com,Panamá
CLI-00629,Eduardo Mendoza,eduardo.mendoza629@correo.com,Canadá
CLI-00630,Fernanda Ortiz,fernanda.ortiz630@correo.com,Argentina
CLI-00631,Andrés Sánchez,andres.sanchez631@correo.com,Costa Rica
CLI-00632,Juan Castillo,juan.castillo632@correo.com,Panamá
CLI-00633,Diego Mendoza,diego.mendoza633@correo.com,Perú
CLI-00634,Camila Rojas,camila.rojas634@correo.com,Costa Rica
CLI-00635,Ileana López,ileana.lopez635@correo.com,Canadá
CLI-00636,Juan García,juan.garcia636@correo.com,Costa Rica
CLI-00637,Valeria Romero,valeria.romero637@correo.com,Chile
CLI-00638,Camila Pérez,camila.perez638@correo.com,Perú
CLI-00639,María Torres,maria.torres639@correo.com,Canadá
CLI-00640,Paola Gómez,paola.gomez640@correo.com,Guatemala
CLI-00641,Ana Torres,ana.torres641@correo.com,Perú
CLI-00642,Carlos Romero,carlos.romero642@correo.com,Costa Rica
CLI-00643,Natalia Romero,natalia.romero643@correo.com,Panamá
CLI-00644,Ileana García,ileana.garcia644@correo.com,Argentina
CLI-00645,Ileana Cruz,ileana.cruz645@correo.com,Argentina
CLI-00646,Sebastian Pérez,sebastian.perez646@correo.com,Colombia
CLI-00647,Miguel López,miguel.lopez647@correo.com,Panamá
CLI-00648,Natalia Flores,natalia.flores648@correo.com,Panamá
CLI-00649,Ileana Cruz,ileana.cruz649@correo.com,Costa Rica
CLI-00650,Ana López,ana.lopez650@correo.com,Honduras
CLI-00651,Juan Castillo,juan.castillo651@correo.com,Guatemala
CLI-00652,Miguel Vargas,miguel.vargas652@correo.com,Guatemala
CLI-00653,Ileana Mendoza,ileana.mendoza653@correo.com,Guatemala
CLI-00654,Lucía Torres,lucia.torres654@correo.com,México
CLI-00655,Sebastian López,sebastian.lopez655@correo.com,Costa Rica
CLI-00656,María Rojas,maria.rojas656@correo.com,Honduras
CLI-00657,Eduardo Morales,eduardo.morales657@correo.com,Chile
CLI-00658,Camila López,camila.lopez658@correo.com,México
CLI-00659,Paola López,paola.lopez659@correo.com,Perú
CLI-00660,Carlos Rojas,carlos.rojas660@correo.com,México
CLI-00661,María Alvarez,maria.alvarez661@correo.com,México
CLI-00662,Carlos Sánchez,carlos.sanchez662@correo.com,Panamá
CLI-00663,Paola Mendoza,paola.mendoza663@correo.com,Colombia
CLI-00664,Lucía Alvarez,lucia.alvarez664@correo.com,Panamá
CLI-00665,Sofía Alvarez,sofia.alvarez665@correo.com,Colombia
CLI-00666,María Torres,maria.torres666@correo.com,Guatemala
CLI-00667,Sebastian Morales,sebastian.morales667@correo.com,Honduras
CLI-00668,Luis Ortiz,luis.ortiz668@correo.com,Argentina
CLI-00669,Camila Mérida,camila.merida669@correo.com,Costa Rica
CLI-00670,Luis Flores,luis.flores670@correo.com,Guatemala
CLI-00671,Camila López,camila.lopez671@correo.com,Canadá
CLI-00672,Paola Torres,paola.torres672@correo.com,Colombia
CLI-00673,Jorge Castillo,jorge.castillo673@correo.com,Colombia
CLI-00674,Diego Gómez,diego.gomez674@correo.com,Canadá
CLI-00675,Juan Ramírez,juan.ramirez675@correo.com,México
CLI-00676,Valeria Morales,valeria.morales676@correo.com,Guatemala
CLI-00677,Carlos García,carlos.garcia677@correo.com,Panamá
CLI-00678,Ana Alvarez,ana.alvarez678@correo.com,Argentina
CLI-00679,Camila Mendoza,camila.mendoza679@correo.com,Canadá
CLI-00680,Camila Silva,camila.silva680@correo.com,Argentina
CLI-00681,Sebastian Silva,sebastian.silva681@correo.com,Colombia
CLI-00682,Fernanda Vargas,fernanda.vargas682@correo.com,México
CLI-00683,Andrés Vargas,andres.vargas683@correo.com,Costa Rica
CLI-00684,Sebastian Mérida,sebastian.merida684@correo.com,Panamá
CLI-00685,Camila Mérida,camila.merida685@correo.com,Argentina
CLI-00686,Ana Silva,ana.silva686@correo.com,Argentina
CLI-00687,Ana Ortiz,ana.ortiz687@correo.com,Argentina
CLI-00688,Eduardo Cruz,eduardo.cruz688@correo.com,Honduras
CLI-00689,Sebastian Mérida,sebastian.merida689@correo.com,Perú
CLI-00690,María Ortiz,maria.ortiz690@correo.com,Perú
CLI-00691,Sofía Mendoza,sofia.mendoza691@correo.com,Honduras
CLI-00692,Lucía Romero,lucia.romero692@correo.com,Costa Rica
CLI-00693,Diego Ramírez,diego.ramirez693@correo.com,Honduras
CLI-00694,María Ramírez,maria.ramirez694@correo.com,Panamá
CLI-00695,Fernanda Díaz,fernanda.diaz695@correo.com,Argentina
CLI-00696,Juan Silva,juan.silva696@correo.com,Chile
CLI-00697,Valeria Alvarez,valeria.alvarez697@correo.com,México
CLI-00698,Ricardo Mérida,ricardo.merida698@correo.com,Guatemala
CLI-00699,Paola Torres,paola.torres699@correo.com,Honduras
CLI-00700,Miguel Alvarez,miguel.alvarez700@correo.com,México
CLI-00701,Miguel Alvarez,miguel.alvarez701@correo.com,Panamá
CLI-00702,Fernanda Flores,fernanda.flores702@correo.com,Costa Rica
CLI-00703,Sofía Torres,sofia.torres703@correo.com,Panamá
CLI-00704,Eduardo Castillo,eduardo.castillo704@correo.com,México
CLI-00705,Valeria Mérida,valeria.merida705@correo.com,Perú
CLI-00706,Ana Flores,ana.flores706@correo.com,México
CLI-00707,Diego García,diego.garcia707@correo.com,Panamá
CLI-00708,Paola García,paola.garcia708@correo.com,Colombia
CLI-00709,Lucía Mendoza,lucia.mendoza709@correo.com,Costa Rica
CLI-00710,Ileana Mendoza,ileana.mendoza710@correo.com,Perú
CLI-00711,María Vargas,maria.vargas711@correo.com,Perú
CLI-00712,Jorge Cruz,jorge.cruz712@correo.com,Panamá
CLI-00713,Eduardo Ramírez,eduardo.ramirez713@correo.com,Chile
CLI-00714,María López,maria.lopez714@correo.com,Perú
CLI-00715,Eduardo Vargas,eduardo.vargas715@correo.com,Chile
CLI-00716,Carlos Rojas,carlos.rojas716@correo.com,Guatemala
CLI-00717,Andrés Mérida,andres.merida717@correo.com,Panamá
CLI-00718,Ricardo Vargas,ricardo.vargas718@correo.com,Perú
CLI-00719,Diego Rojas,diego.rojas719@correo.com,Canadá
CLI-00720,María Gómez,maria.gomez720@correo.com,Argentina
CLI-00721,Camila Flores,camila.flores721@correo.com,Canadá
CLI-00722,Eduardo Romero,eduardo.romero722@correo.com,Argentina
CLI-00723,María Ortiz,maria.ortiz723@correo.com,Argentina
CLI-00724,Lucía Díaz,lucia.diaz724@correo.com,Panamá
CLI-00725,Luis Ortiz,luis.ortiz725@correo.com,Guatemala
CLI-00726,María Torres,maria.torres726@correo.com,Chile
CLI-00727,Miguel Cruz,miguel.cruz727@correo.com,Colombia
CLI-00728,Carlos Mendoza,carlos.mendoza728@correo.com,Chile
CLI-00729,Natalia Cruz,natalia.cruz729@correo.com,Perú
CLI-00730,Carlos Silva,carlos.silva730@correo.com,México
CLI-00731,Sebastian Díaz,sebastian.diaz731@correo.com,Honduras
CLI-00732,Eduardo Ramírez,eduardo.ramirez732@correo.com,Colombia
CLI-00733,Juan Mendoza,juan.mendoza733@correo.com,Perú
CLI-00734,Sofía Castillo,sofia.castillo734@correo.com,Perú
CLI-00735,Natalia Mendoza,natalia.mendoza735@correo.com,Argentina
CLI-00736,Andrés López,andres.lopez736@correo.com,Chile
CLI-00737,Diego Vargas,diego.vargas737@correo.com,Guatemala
CLI-00738,Natalia Cruz,natalia.cruz738@correo.com,Argentina
CLI-00739,Carlos Flores,carlos.flores739@correo.com,Chile
CLI-00740,Juan Morales,juan.morales740@correo.com,Canadá
CLI-00741,Jorge Castillo,jorge.castillo741@correo.com,Panamá
CLI-00742,Jorge Pérez,jorge.perez742@correo.com,Costa Rica
CLI-00743,Lucía Ortiz,lucia.ortiz743@correo.com,Colombia
CLI-00744,María Rojas,maria.rojas744@correo.com,México
CLI-00745,Sebastian Rojas,sebastian.rojas745@correo.com,México
CLI-00746,Fernanda Flores,fernanda.flores746@correo.com,Perú
CLI-00747,Sebastian Mérida,sebastian.merida747@correo.com,Colombia
CLI-00748,Natalia Alvarez,natalia.alvarez748@correo.com,México
CLI-00749,Eduardo García,eduardo.garcia749@correo.com,Chile
CLI-00750,Ricardo Silva,ricardo.silva750@correo.com,Perú
CLI-00751,Miguel Gómez,miguel.gomez751@correo.com,Argentina
CLI-00752,Miguel Morales,miguel.morales752@correo.com,Guatemala
CLI-00753,Paola Romero,paola.romero753@correo.com,México
CLI-00754,Camila López,camila.lopez754@correo.com,México
CLI-00755,Lucía García,lucia.garcia755@correo.com,Argentina
CLI-00756,Andrés Torres,andres.torres756@correo.com,Guatemala
CLI-00757,Carlos Vargas,carlos.vargas757@correo.com,Colombia
CLI-00758,Natalia López,natalia.lopez758@correo.com,Perú
CLI-00759,Lucía Mendoza,lucia.mendoza759@correo.com,Perú
CLI-00760,Ricardo Mérida,ricardo.merida760@correo.com,Canadá
CLI-00761,Lucía Vargas,lucia.vargas761@correo.com,Panamá
CLI-00762,Luis Ramírez,luis.ramirez762@correo.com,Canadá
CLI-00763,Luis Rojas,luis.rojas763@correo.com,Chile
CLI-00764,Eduardo Cruz,eduardo.cruz764@correo.com,Honduras
CLI-00765,Sofía Mérida,sofia.merida765@correo.com,Panamá
CLI-00766,Diego Cruz,diego.cruz766@correo.com,Argentina
CLI-00767,Natalia Mendoza,natalia.mendoza767@correo.com,Panamá
CLI-00768,Sofía Castillo,sofia.castillo768@correo.com,Perú
CLI-00769,Lucía García,lucia.garcia769@correo.com,Chile
CLI-00770,Lucía Gómez,lucia.gomez770@correo.com,Guatemala
CLI-00771,Luis Rojas,luis.rojas771@correo.com,Guatemala
CLI-00772,Paola Cruz,paola.cruz772@correo.com,Canadá
CLI-00773,Ricardo Díaz,ricardo.diaz773@correo.com,Canadá
CLI-00774,Sebastian García,sebastian.garcia774@correo.com,Guatemala
CLI-00775,Valeria Morales,valeria.morales775@correo.com,Chile
CLI-00776,Carlos Alvarez,carlos.alvarez776@correo.com,Guatemala
CLI-00777,Sebastian Mendoza,sebastian.mendoza777@correo.com,Costa Rica
CLI-00778,María Díaz,maria.diaz778@correo.com,Argentina
CLI-00779,Ileana Pérez,ileana.perez779@correo.com,Costa Rica
CLI-00780,Ileana Mérida,ileana.merida780@correo.com,Chile
CLI-00781,Lucía Sánchez,lucia.sanchez781@correo.com,Chile
CLI-00782,Lucía Flores,lucia.flores782@correo.com,Argentina
CLI-00783,Andrés Pérez,andres.perez783@correo.com,Costa Rica
CLI-00784,Camila Castillo,camila.castillo784@correo.com,Costa Rica
CLI-00785,Lucía Vargas,lucia.vargas785@correo.com,Costa Rica
CLI-00786,Fernanda Mérida,fernanda.merida786@correo.com,Argentina
CLI-00787,Jorge García,jorge.garcia787@correo.com,Costa Rica
CLI-00788,Carlos Alvarez,carlos.alvarez788@correo.com,Colombia
CLI-00789,Sofía Torres,sofia.torres789@correo.com,Perú
CLI-00790,Carlos Rojas,carlos.rojas790@correo.com,Guatemala
CLI-00791,Jorge Ramírez,jorge.ramirez791@correo.com,Honduras
CLI-00792,Ana Ortiz,ana.ortiz792@correo.com,Argentina
CLI-00793,Camila Alvarez,camila.alvarez793@correo.com,Guatemala
CLI-00794,Fernanda Torres,fernanda.torres794@correo.com,Perú
CLI-00795,Diego Rojas,diego.rojas795@correo.com,Perú
CLI-00796,Paola Castillo,paola.castillo796@correo.com,Argentina
CLI-00797,María Torres,maria.torres797@correo.com,Colombia
CLI-00798,Ana Flores,ana.flores798@correo.com,Colombia
CLI-00799,Diego Vargas,diego.vargas799@correo.com,México
CLI-00800,Natalia Morales,natalia.morales800@correo.com,Honduras
CLI-00801,Ricardo Mendoza,ricardo.mendoza801@correo.com,Argentina
CLI-00802,Ileana Rojas,ileana.rojas802@correo.com,Canadá
CLI-00803,Ana Ramírez,ana.ramirez803@correo.com,Honduras
CLI-00804,Valeria Gómez,valeria.gomez804@correo.com,Argentina
CLI-00805,Jorge Alvarez,jorge.alvarez805@correo.com,Chile
CLI-00806,Diego Díaz,diego.diaz806@correo.com,Colombia
CLI-00807,Lucía Morales,lucia.morales807@correo.com,Colombia
CLI-00808,Miguel Romero,miguel.romero808@correo.com,Canadá
CLI-00809,Miguel Silva,miguel.silva809@correo.com,Honduras
CLI-00810,Valeria Pérez,valeria.perez810@correo.com,Colombia
CLI-00811,Valeria Díaz,valeria.diaz811@correo.com,Perú
CLI-00812,Natalia Morales,natalia.morales812@correo.com,Argentina
CLI-00813,Luis Morales,luis.morales813@correo.com,Panamá
CLI-00814,Natalia Rojas,natalia.rojas814@correo.com,México
CLI-00815,Ricardo Ramírez,ricardo.ramirez815@correo.com,Guatemala
CLI-00816,Miguel Mérida,miguel.merida816@correo.com,Argentina
CLI-00817,Lucía Flores,lucia.flores817@correo.com,Panamá
CLI-00818,Juan Díaz,juan.diaz818@correo.com,Honduras
CLI-00819,Sebastian Flores,sebastian.flores819@correo.com,Honduras
CLI-00820,Luis Ramírez,luis.ramirez820@correo.com,México
CLI-00821,Lucía Romero,lucia.romero821@correo.com,Perú
CLI-00822,Juan Díaz,juan.diaz822@correo.com,Costa Rica
CLI-00823,Diego Morales,diego.morales823@correo.com,Honduras
CLI-00824,Natalia Díaz,natalia.diaz824@correo.com,Argentina
CLI-00825,Carlos Vargas,carlos.vargas825@correo.com,Colombia
CLI-00826,Fernanda Ramírez,fernanda.ramirez826@correo.com,Honduras
CLI-00827,Sofía Mérida,sofia.merida827@correo.com,Costa Rica
CLI-00828,Lucía Gómez,lucia.gomez828@correo.com,Costa Rica
CLI-00829,Juan Cruz,juan.cruz829@correo.com,Panamá
CLI-00830,Eduardo Romero,eduardo.romero830@correo.com,Chile
CLI-00831,Carlos Flores,carlos.flores831@correo.com,Chile
CLI-00832,María Torres,maria.torres832@correo.com,Colombia
CLI-00833,Juan Díaz,juan.diaz833@correo.com,Guatemala
CLI-00834,Jorge Rojas,jorge.rojas834@correo.com,Panamá
CLI-00835,Camila García,camila.garcia835@correo.com,Perú
CLI-00836,Andrés Castillo,andres.castillo836@correo.com,Costa Rica
CLI-00837,Carlos Mérida,carlos.merida837@correo.com,Panamá
CLI-00838,Miguel Díaz,miguel.diaz838@correo.com,México
CLI-00839,Jorge Morales,jorge.morales839@correo.com,Guatemala
CLI-00840,Miguel Silva,miguel.silva840@correo.com,Canadá
CLI-00841,Sofía Silva,sofia.silva841@correo.com,Honduras
CLI-00842,Ricardo Mendoza,ricardo.mendoza842@correo.com,Honduras
CLI-00843,Natalia Torres,natalia.torres843@correo.com,Panamá
CLI-00844,Valeria Torres,valeria.torres844@correo.com,México
CLI-00845,Andrés García,andres.garcia845@correo.com,Panamá
CLI-00846,Natalia Ramírez,natalia.ramirez846@correo.com,Colombia
CLI-00847,Eduardo Morales,eduardo.morales847@correo.com,Colombia
CLI-00848,Diego Romero,diego.romero848@correo.com,Honduras
CLI-00849,Luis Morales,luis.morales849@correo.com,Guatemala
CLI-00850,Ana Flores,ana.flores850@correo.com,México
CLI-00851,Sofía Romero,sofia.romero851@correo.com,Perú
CLI-00852,Camila Mérida,camila.merida852@correo.com,Canadá
CLI-00853,Juan Silva,juan.silva853@correo.com,México
CLI-00854,Luis Rojas,luis.rojas854@correo.com,Panamá
CLI-00855,Valeria Ortiz,valeria.ortiz855@correo.com,Perú
CLI-00856,Lucía Ortiz,lucia.ortiz856@correo.com,Argentina
CLI-00857,Diego Gómez,diego.gomez857@correo.com,Guatemala
CLI-00858,Natalia Romero,natalia.romero858@correo.com,Perú
CLI-00859,María Mérida,maria.merida859@correo.com,Costa Rica
CLI-00860,Juan Silva,juan.silva860@correo.com,Chile
CLI-00861,María Flores,maria.flores861@correo.com,Chile
CLI-00862,Ana Torres,ana.torres862@correo.com,Perú
CLI-00863,Valeria Romero,valeria.romero863@correo.com,Honduras
CLI-00864,Valeria Vargas,valeria.vargas864@correo.com,Panamá
CLI-00865,Jorge Sánchez,jorge.sanchez865@correo.com,Argentina
CLI-00866,Carlos Mérida,carlos.merida866@correo.com,Canadá
CLI-00867,Natalia Mendoza,natalia.mendoza867@correo.com,Panamá
CLI-00868,Diego Sánchez,diego.sanchez868@correo.com,Chile
CLI-00869,Sebastian Romero,sebastian.romero869@correo.com,Honduras
CLI-00870,Ana Pérez,ana.perez870@correo.com,Perú
CLI-00871,Valeria Vargas,valeria.vargas871@correo.com,Honduras
CLI-00872,Valeria Morales,valeria.morales872@correo.com,Argentina
CLI-00873,Juan García,juan.garcia873@correo.com,Costa Rica
CLI-00874,Fernanda Vargas,fernanda.vargas874@correo.com,Costa Rica
CLI-00875,Ana Gómez,ana.gomez875@correo.com,Honduras
CLI-00876,Camila Pérez,camila.perez876@correo.com,México
CLI-00877,Sebastian Rojas,sebastian.rojas877@correo.com,Chile
CLI-00878,Ana Silva,ana.silva878@correo.com,Argentina
CLI-00879,Carlos Alvarez,carlos.alvarez879@correo.com,Panamá
CLI-00880,Ricardo Vargas,ricardo.vargas880@correo.com,Panamá
CLI-00881,Ana Ramírez,ana.ramirez881@correo.com,Panamá
CLI-00882,Jorge López,jorge.lopez882@correo.com,Costa Rica
CLI-00883,Valeria Ortiz,valeria.ortiz883@correo.com,Perú
CLI-00884,Paola Pérez,paola.perez884@correo.com,Perú
CLI-00885,Natalia Rojas,natalia.rojas885@correo.com,Honduras
CLI-00886,Ricardo Díaz,ricardo.diaz886@correo.com,Panamá
CLI-00887,Juan Pérez,juan.perez887@correo.com,Panamá
CLI-00888,Ana López,ana.lopez888@correo.com,Honduras
CLI-00889,Andrés Cruz,andres.cruz889@correo.com,México
CLI-00890,Sofía Sánchez,sofia.sanchez890@correo.com,México
CLI-00891,Lucía Ortiz,lucia.ortiz891@correo.com,Chile
CLI-00892,Juan Silva,juan.silva892@correo.com,Honduras
CLI-00893,Natalia Silva,natalia.silva893@correo.com,Argentina
CLI-00894,Luis Mérida,luis.merida894@correo.com,Chile
CLI-00895,Carlos Torres,carlos.torres895@correo.com,Honduras
CLI-00896,Sebastian Ortiz,sebastian.ortiz896@correo.com,Costa Rica
CLI-00897,Natalia Castillo,natalia.castillo897@correo.com,Colombia
CLI-00898,Andrés Castillo,andres.castillo898@correo.com,Costa Rica
CLI-00899,Fernanda Ortiz,fernanda.ortiz899@correo.com,Panamá
CLI-00900,Ricardo Silva,ricardo.silva900@correo.com,Perú
CLI-00901,Paola Silva,paola.silva901@correo.com,Costa Rica
CLI-00902,Miguel Rojas,miguel.rojas902@correo.com,Panamá
CLI-00903,Camila Rojas,camila.rojas903@correo.com,Argentina
CLI-00904,Ileana Ramírez,ileana.ramirez904@correo.com,Argentina
CLI-00905,Luis Alvarez,luis.alvarez905@correo.com,Canadá
CLI-00906,Eduardo Sánchez,eduardo.sanchez906@correo.com,México
CLI-00907,Fernanda Ortiz,fernanda.ortiz907@correo.com,Guatemala
CLI-00908,Natalia Cruz,natalia.cruz908@correo.com,Perú
CLI-00909,Luis Vargas,luis.vargas909@correo.com,Panamá
CLI-00910,Luis Romero,luis.romero910@correo.com,Chile
CLI-00911,Luis Mendoza,luis.mendoza911@correo.com,Argentina
CLI-00912,Camila Pérez,camila.perez912@correo.com,Perú
CLI-00913,Carlos Pérez,carlos.perez913@correo.com,Chile
CLI-00914,Eduardo Pérez,eduardo.perez914@correo.com,Honduras
CLI-00915,Natalia Díaz,natalia.diaz915@correo.com,Honduras
CLI-00916,Jorge Morales,jorge.morales916@correo.com,México
CLI-00917,Eduardo García,eduardo.garcia917@correo.com,Costa Rica
CLI-00918,Eduardo Morales,eduardo.morales918@correo.com,Costa Rica
CLI-00919,Sebastian Vargas,sebastian.vargas919@correo.com,Guatemala
CLI-00920,Diego Morales,diego.morales920@correo.com,Costa Rica
CLI-00921,Ileana Sánchez,ileana.sanchez921@correo.com,Costa Rica
CLI-00922,Juan Ramírez,juan.ramirez922@correo.com,Costa Rica
CLI-00923,Miguel Cruz,miguel.cruz923@correo.com,Perú
CLI-00924,Valeria Silva,valeria.silva924@correo.com,Canadá
CLI-00925,Valeria Castillo,valeria.castillo925@correo.com,Panamá
CLI-00926,Camila Torres,camila.torres926@correo.com,Colombia
CLI-00927,Eduardo Díaz,eduardo.diaz927@correo.com,Costa Rica
CLI-00928,Andrés Ortiz,andres.ortiz928@correo.com,Canadá
CLI-00929,Sofía Silva,sofia.silva929@correo.com,Colombia
CLI-00930,Miguel Díaz,miguel.diaz930@correo.com,Colombia
CLI-00931,Camila Romero,camila.romero931@correo.com,México
CLI-00932,Ricardo Ramírez,ricardo.ramirez932@correo.com,Perú
CLI-00933,Juan Pérez,juan.perez933@correo.com,Guatemala
CLI-00934,Jorge Silva,jorge.silva934@correo.com,Canadá
CLI-00935,Eduardo Díaz,eduardo.diaz935@correo.com,Perú
CLI-00936,Ricardo García,ricardo.garcia936@correo.com,Chile
CLI-00937,Andrés Rojas,andres.rojas937@correo.com,Honduras
CLI-00938,María López,maria.lopez938@correo.com,Canadá
CLI-00939,Diego Pérez,diego.perez939@correo.com,Costa Rica
CLI-00940,Sebastian Ramírez,sebastian.ramirez940@correo.com,Panamá
CLI-00941,Sebastian Sánchez,sebastian.sanchez941@correo.com,Guatemala
CLI-00942,Camila Morales,camila.morales942@correo.com,Panamá
CLI-00943,María Flores,maria.flores943@correo.com,México
CLI-00944,Fernanda Díaz,fernanda.diaz944@correo.com,Argentina
CLI-00945,Eduardo Romero,eduardo.romero945@correo.com,Perú
CLI-00946,Juan Sánchez,juan.sanchez946@correo.com,Argentina
CLI-00947,Diego Morales,diego.morales947@correo.com,Honduras
CLI-00948,Camila Gómez,camila.gomez948@correo.com,Chile
CLI-00949,Ileana Mérida,ileana.merida949@correo.com,Panamá
CLI-00950,Carlos Gómez,carlos.gomez950@correo.com,Panamá
CLI-00951,Natalia Ramírez,natalia.ramirez951@correo.com,Panamá
CLI-00952,María Pérez,maria.perez952@correo.com,Argentina
CLI-00953,Paola Rojas,paola.rojas953@correo.com,Colombia
CLI-00954,Miguel Flores,miguel.flores954@correo.com,Colombia
CLI-00955,Ileana Castillo,ileana.castillo955@correo.com,Colombia
CLI-00956,Natalia Mérida,natalia.merida956@correo.com,Argentina
CLI-00957,Sebastian Pérez,sebastian.perez957@correo.com,Costa Rica
CLI-00958,Sofía López,sofia.lopez958@correo.com,Colombia
CLI-00959,Luis Ramírez,luis.ramirez959@correo.com,Costa Rica
CLI-00960,Miguel Gómez,miguel.gomez960@correo.com,Perú
CLI-00961,Camila Ramírez,camila.ramirez961@correo.com,Guatemala
CLI-00962,Eduardo Torres,eduardo.torres962@correo.com,Guatemala
CLI-00963,Juan Rojas,juan.rojas963@correo.com,Panamá
CLI-00964,Paola Castillo,paola.castillo964@correo.com,Chile
CLI-00965,Ana Flores,ana.flores965@correo.com,Argentina
CLI-00966,Sebastian López,sebastian.lopez966@correo.com,Argentina
CLI-00967,Sofía Morales,sofia.morales967@correo.com,Colombia
CLI-00968,Andrés Torres,andres.torres968@correo.com,Colombia
CLI-00969,Paola Cruz,paola.cruz969@correo.com,Panamá
CLI-00970,Ileana Torres,ileana.torres970@correo.com,Panamá
CLI-00971,Ileana Alvarez,ileana.alvarez971@correo.com,Costa Rica
CLI-00972,Camila Sánchez,camila.sanchez972@correo.com,Panamá
CLI-00973,Diego Ortiz,diego.ortiz973@correo.com,Panamá
CLI-00974,Miguel Ortiz,miguel.ortiz974@correo.com,Honduras
CLI-00975,Ana Pérez,ana.perez975@correo.com,Honduras
CLI-00976,Miguel Rojas,miguel.rojas976@correo.com,Honduras
CLI-00977,Ana García,ana.garcia977@correo.com,Costa Rica
CLI-00978,Ana Romero,ana.romero978@correo.com,Argentina
CLI-00979,Miguel Sánchez,miguel.sanchez979@correo.com,Honduras
CLI-00980,Fernanda Mérida,fernanda.merida980@correo.com,Costa Rica
CLI-00981,Camila Silva,camila.silva981@correo.com,Guatemala
CLI-00982,Camila Mérida,camila.merida982@correo.com,Panamá
CLI-00983,Lucía Gómez,lucia.gomez983@correo.com,México
CLI-00984,Fernanda Ortiz,fernanda.ortiz984@correo.com,Argentina
CLI-00985,Luis Morales,luis.morales985@correo.com,Colombia
CLI-00986,Lucía Mérida,lucia.merida986@correo.com,Honduras
CLI-00987,Fernanda Alvarez,fernanda.alvarez987@correo.com,Argentina
CLI-00988,Natalia Alvarez,natalia.alvarez988@correo.com,Guatemala
CLI-00989,Diego Alvarez,diego.alvarez989@correo.com,México
CLI-00990,Camila Castillo,camila.castillo990@correo.com,Argentina
CLI-00991,Lucía Díaz,lucia.diaz991@correo.com,Perú
CLI-00992,Valeria Castillo,valeria.castillo992@correo.com,México
CLI-00993,Miguel Mendoza,miguel.mendoza993@correo.com,Perú
CLI-00994,Natalia Torres,natalia.torres994@correo.com,Chile
CLI-00995,Ileana Silva,ileana.silva995@correo.com,Perú
CLI-00996,María Flores,maria.flores996@correo.com,Costa Rica
CLI-00997,Luis Flores,luis.flores997@correo.com,Guatemala
CLI-00998,Miguel Romero,miguel.romero998@correo.com,Guatemala
CLI-00999,Fernanda Flores,fernanda.flores999@correo.com,Colombia
CLI-01000,Sebastian Alvarez,sebastian.alvarez1000@correo.com,Costa Rica
